{
  "urls": [
    "ch2.webm",
    "ch2.mp3",
    "ch2.ogg"
  ],
  "sprite": {
    "Bet_Plus": [
      0,
      2560.9750566893426
    ],
    "Bonus Reveal-lose": [
      3500,
      2000.8616780045347
    ],
    "Bonus Reveal-win": [
      7000,
      3754.3764172335605
    ]
  }
}