{
  "urls": [
    "ch1.webm",
    "ch1.mp3",
    "ch1.ogg"
  ],
  "sprite": {
    "Bet_Minus": [
      0,
      2560.9750566893426
    ],
    "LosePresentation_V1_Slow_Short": [
      3500,
      5781.768707482993
    ],
    "NumberMatchV3_2": [
      10000,
      2287.1655328798183
    ],
    "WinPresentation_V1_Slow_Short": [
      13500,
      6381.4739229024935
    ]
  }
}